epoch,accuracy,loss,val_accuracy,val_loss
1,0.568965494632721,0.6838740706443787,0.793749988079071,0.6651553511619568
2,0.7836990356445312,0.588152289390564,0.8374999761581421,0.46810561418533325
3,0.8722570538520813,0.3516536355018616,0.875,0.3020451068878174
4,0.9529780745506287,0.17351827025413513,0.918749988079071,0.22552835941314697
5,0.9874607920646667,0.07321386784315109,0.925000011920929,0.18115869164466858
6,0.9937304258346558,0.03873146325349808,0.956250011920929,0.15564672648906708
7,0.9984325766563416,0.01992754451930523,0.9624999761581421,0.15223468840122223
8,1.0,0.00974857434630394,0.956250011920929,0.1462515890598297
9,1.0,0.006488972809165716,0.9624999761581421,0.1480402797460556
10,1.0,0.004881313070654869,0.9437500238418579,0.1578274965286255
11,1.0,0.0033545130863785744,0.9375,0.1635892689228058
12,1.0,0.002707923064008355,0.9437500238418579,0.15787872672080994
13,1.0,0.0019974636379629374,0.9375,0.1707957684993744
