row_id,split
0,test
1,train
2,test
3,val
4,val
5,test
6,val
7,val
8,train
9,test
10,train
11,train
12,train
13,train
14,val
15,train
16,train
17,train
18,train
19,train
20,train
21,train
22,train
23,train
24,val
25,val
26,train
27,val
28,train
29,train
30,train
31,train
32,train
33,val
34,train
35,train
36,train
37,train
38,val
39,test
40,train
41,train
42,train
43,train
44,train
45,test
46,val
47,test
48,train
49,train
50,val
51,train
52,train
53,train
54,train
55,test
56,train
57,train
58,train
59,train
60,val
61,train
62,train
63,train
64,train
65,train
66,val
67,train
68,train
69,train
70,train
71,train
72,val
73,train
74,val
75,train
76,train
77,val
78,train
79,train
80,train
81,train
82,train
83,train
84,train
85,val
86,train
87,train
88,train
89,val
90,train
91,train
92,val
93,train
94,train
95,train
96,train
97,train
98,train
99,train
100,train
101,train
102,train
103,train
104,train
105,train
106,val
107,train
108,test
109,train
110,val
111,train
112,val
113,train
114,train
115,train
116,train
117,test
118,train
119,train
120,test
121,train
122,train
123,train
124,train
125,test
126,train
127,train
128,train
129,train
130,train
131,train
132,train
133,train
134,train
135,train
136,val
137,train
138,test
139,test
140,train
141,train
142,train
143,train
144,val
145,test
146,train
147,train
148,train
149,train
150,train
151,train
152,train
153,train
154,train
155,train
156,train
157,train
158,train
159,train
160,train
161,train
162,train
163,train
164,train
165,train
166,train
167,train
168,train
169,train
170,train
171,test
172,val
173,train
174,train
175,train
176,train
177,train
178,train
179,train
180,train
181,train
182,train
183,train
184,train
185,train
186,train
187,train
188,train
189,train
190,train
191,test
192,train
193,test
194,train
195,train
196,train
197,train
198,train
199,train
200,train
201,train
202,train
203,train
204,train
205,train
206,train
207,train
208,train
209,train
210,train
211,val
212,train
213,test
214,train
215,val
216,train
217,train
218,train
219,train
220,train
221,train
222,test
223,train
224,val
225,train
226,train
227,test
228,test
229,train
230,val
231,train
232,test
233,train
234,train
235,train
236,train
237,train
238,val
239,train
240,train
241,train
242,val
243,train
244,train
245,train
246,train
247,train
248,val
249,train
250,train
251,train
252,val
253,train
254,train
255,train
256,test
257,train
258,test
259,train
260,test
261,train
262,train
263,train
264,train
265,train
266,train
267,train
268,train
269,train
270,train
271,train
272,test
273,test
274,train
275,train
276,test
277,train
278,train
279,train
280,train
281,test
282,train
283,train
284,train
285,train
286,train
287,train
288,val
289,train
290,train
291,train
292,train
293,train
294,train
295,train
296,train
297,train
298,train
299,test
300,train
301,train
302,val
303,train
304,train
305,train
306,train
307,train
308,train
309,train
310,train
311,val
312,train
313,train
314,test
315,train
316,train
317,train
318,train
319,val
320,train
321,test
322,train
323,train
324,train
325,test
326,train
327,train
328,train
329,train
330,train
331,train
332,train
333,train
334,train
335,train
336,val
337,train
338,train
339,train
340,train
341,train
342,train
343,train
344,train
345,val
346,train
347,train
348,train
349,test
350,train
351,train
352,train
353,train
354,train
355,train
356,train
357,train
358,train
359,train
360,train
361,train
362,test
363,train
364,test
365,train
366,train
367,train
368,val
369,train
370,train
371,train
372,train
373,train
374,train
375,train
376,val
377,train
378,train
379,train
380,train
381,train
382,train
383,train
384,train
385,val
386,train
387,train
388,train
389,train
390,train
391,test
392,train
393,val
394,train
395,train
396,train
397,train
398,train
399,train
400,train
401,train
402,val
403,train
404,val
405,train
406,train
407,train
408,train
409,test
410,train
411,train
412,train
413,train
414,train
415,train
416,train
417,train
418,train
419,train
420,train
421,train
422,train
423,train
424,test
425,train
426,train
427,train
428,train
429,train
430,train
431,train
432,train
433,train
434,val
435,train
436,test
437,train
438,train
439,train
440,val
441,train
442,val
443,train
444,train
445,test
446,train
447,train
448,train
449,train
450,train
451,train
452,train
453,train
454,train
455,train
456,train
457,train
458,train
459,train
460,train
461,train
462,train
463,train
464,train
465,val
466,train
467,test
468,train
469,test
470,train
471,train
472,train
473,val
474,train
475,train
476,train
477,train
478,train
479,train
480,train
481,train
482,train
483,train
484,test
485,train
486,train
487,train
488,train
489,train
490,train
491,train
492,train
493,train
494,train
495,train
496,train
497,train
498,train
499,train
500,train
501,train
502,test
503,test
504,train
505,test
506,train
507,test
508,train
509,train
510,val
511,train
512,val
513,train
514,train
515,val
516,train
517,val
518,train
519,train
520,train
521,train
522,train
523,test
524,val
525,test
526,train
527,train
528,train
529,train
530,train
531,test
532,train
533,val
534,train
535,train
536,val
537,train
538,train
539,train
540,train
541,train
542,val
543,train
544,train
545,test
546,train
547,test
548,train
549,val
550,train
551,train
552,train
553,val
554,train
555,train
556,train
557,train
558,val
559,train
560,train
561,train
562,train
563,train
564,train
565,train
566,train
567,train
568,train
569,train
570,train
571,train
572,test
573,test
574,train
575,train
576,train
577,train
578,train
579,val
580,train
581,val
582,train
583,train
584,train
585,train
586,train
587,train
588,train
589,train
590,train
591,train
592,train
593,train
594,val
595,train
596,train
597,train
598,train
599,train
600,train
601,train
602,train
603,val
604,train
605,test
606,test
607,train
608,train
609,train
610,train
611,train
612,test
613,train
614,train
615,train
616,train
617,train
618,train
619,train
620,train
621,train
622,test
623,test
624,val
625,train
626,train
627,train
628,train
629,train
630,val
631,train
632,train
633,test
634,train
635,train
636,train
637,train
638,val
639,train
640,train
641,train
642,train
643,train
644,val
645,val
646,train
647,train
648,train
649,train
650,train
651,train
652,train
653,train
654,train
655,train
656,train
657,train
658,train
659,train
660,train
661,val
662,train
663,val
664,train
665,val
666,train
667,train
668,train
669,test
670,train
671,test
672,train
673,train
674,train
675,train
676,train
677,train
678,train
679,train
680,train
681,test
682,train
683,train
684,train
685,train
686,train
687,test
688,train
689,train
690,train
691,test
692,train
693,train
694,train
695,train
696,train
697,train
698,test
699,val
700,train
701,train
702,train
703,train
704,train
705,train
706,train
707,train
708,train
709,train
710,train
711,train
712,train
713,val
714,train
715,train
716,train
717,train
718,test
719,train
720,train
721,train
722,train
723,train
724,train
725,test
726,train
727,train
728,train
729,val
730,train
731,test
732,train
733,train
734,train
735,train
736,train
737,train
738,train
739,train
740,train
741,test
742,train
743,train
744,train
745,train
746,train
747,train
748,train
749,train
750,train
751,train
752,test
753,test
754,val
755,train
756,train
757,train
758,train
759,train
760,val
761,train
762,train
763,train
764,train
765,test
766,train
767,train
768,train
769,train
770,test
771,test
772,train
773,train
774,train
775,train
776,train
777,train
778,train
779,test
780,train
781,train
782,train
783,train
784,test
785,test
786,train
787,train
788,val
789,train
790,train
791,train
792,train
793,train
794,train
795,train
796,train
797,train
798,train
799,train
800,train
801,val
802,train
803,train
804,test
805,train
806,train
807,train
808,train
809,train
810,train
811,train
812,train
813,val
814,test
815,train
816,train
817,train
818,train
819,train
820,val
821,val
822,train
823,train
824,train
825,train
826,train
827,val
828,train
829,train
830,train
831,train
832,val
833,train
834,test
835,test
836,train
837,train
838,train
839,train
840,val
841,train
842,train
843,train
844,train
845,train
846,train
847,test
848,train
849,train
850,train
851,train
852,test
854,train
855,train
856,train
857,train
858,train
859,test
860,train
861,train
863,train
864,val
865,train
866,test
867,train
868,train
869,train
870,train
871,train
872,train
873,val
874,train
875,train
876,train
877,train
878,train
879,train
880,train
881,train
882,test
883,train
884,train
885,train
886,train
887,test
888,train
889,test
890,train
891,train
892,train
893,val
894,train
895,train
896,train
897,val
898,train
899,train
900,val
901,test
902,train
903,train
904,val
905,train
906,train
907,val
908,val
909,train
910,train
911,train
912,train
913,train
914,train
915,train
916,train
917,train
918,train
919,train
920,train
921,train
922,train
923,val
924,train
925,train
926,train
927,train
928,train
929,train
930,val
931,train
932,test
933,train
934,train
935,train
936,val
937,train
938,train
939,train
940,test
941,train
942,train
943,train
944,train
945,train
946,train
947,train
948,train
949,train
950,train
951,train
952,train
953,train
954,train
955,train
956,train
957,train
958,test
959,train
960,train
961,test
962,val
963,val
964,train
965,train
966,train
967,train
968,test
969,train
970,train
971,train
972,test
973,train
974,train
975,train
976,train
977,train
978,train
979,train
980,train
981,train
982,train
983,train
984,train
985,train
986,train
987,train
988,train
989,val
990,train
991,val
992,train
993,test
994,train
995,train
996,train
997,train
998,train
999,train
1000,train
1001,train
1002,val
1003,test
1004,train
1005,train
1006,train
1007,test
1008,val
1009,train
1010,train
1011,train
1012,train
1013,train
1015,train
1016,train
1017,val
1018,train
1019,test
1020,test
1021,train
1022,train
1023,train
1024,train
1025,train
1026,train
1027,train
1028,train
1029,train
1030,train
1031,train
1032,train
1033,test
1034,train
1035,train
1036,train
1037,train
1038,train
1039,train
1040,train
1041,train
1042,train
1043,val
1044,test
1045,val
1046,test
1047,train
1048,train
1049,train
1050,train
1051,train
1052,train
1053,train
1054,val
1055,test
1056,train
1057,train
1058,train
1059,train
1060,train
1061,train
1062,train
1063,train
1064,train
1065,train
1066,train
1067,train
1068,train
1069,train
1070,train
1071,train
1072,test
1073,val
1074,train
1075,train
1076,test
1077,train
1078,train
1079,test
1080,train
1081,train
1082,train
1083,train
1084,train
1085,train
1086,train
1087,train
1088,train
1089,train
1090,train
1091,test
1092,train
1093,train
1094,train
1095,train
1096,train
1097,train
1098,val
1099,train
1100,train
1101,train
1102,train
1103,train
1104,train
1105,train
1106,train
1107,train
1108,train
1110,train
1111,train
1112,val
1113,train
1114,train
1115,train
1116,train
1117,test
1118,train
1119,val
1120,train
1121,train
1122,train
1123,train
1124,train
1125,train
1126,train
1127,train
1128,train
1129,train
1130,train
1131,train
1132,train
1133,train
1134,val
1135,train
1136,train
1137,train
1138,train
1139,train
1140,train
1141,test
1142,train
1143,val
1144,train
1145,train
1146,train
1147,test
1148,train
1149,test
1150,train
1151,test
1152,train
1153,train
1154,train
1155,train
1156,train
1157,train
1158,train
1159,train
1160,train
1161,train
1162,train
1163,train
1164,train
1165,train
1166,train
1167,train
1168,train
1169,train
1170,val
1171,train
1172,train
1173,train
1174,train
1175,train
1176,test
1177,train
1178,train
1179,train
1180,train
1181,train
1182,test
1183,test
1184,train
1185,train
1186,train
1187,train
1188,train
1189,val
1190,train
1191,val
1192,train
1193,test
1194,train
1195,test
1196,test
1197,train
1198,train
1199,train
1200,train
1201,val
1202,train
1203,train
1204,train
1205,test
1206,train
1207,train
1208,train
1209,train
1210,test
1211,train
1212,train
1213,train
1214,train
1215,train
1216,train
1217,test
1218,train
1219,train
1220,train
1221,train
1222,test
1223,train
1224,train
1225,train
1226,train
1227,train
1228,train
1229,train
1230,train
1231,test
1232,train
1233,train
1234,train
1235,train
1236,train
1237,train
1238,train
1239,val
1240,train
1241,train
1242,train
1243,train
1244,train
1245,train
1246,train
1247,train
1248,train
1249,train
1250,train
1251,train
1252,train
1253,train
1254,train
1255,train
1256,train
1257,train
1258,val
1259,test
1260,train
1261,train
1262,val
1263,val
1264,val
1265,test
1266,train
1267,train
1268,train
1269,train
1270,val
1271,train
1272,train
1273,train
1274,train
1275,test
1276,train
1277,train
1278,test
1279,test
1280,val
1281,train
1282,train
1283,train
1284,train
1285,train
1286,train
1287,train
1288,test
1289,train
1290,train
1291,train
1292,train
1293,test
1294,train
1295,val
1296,test
1297,train
1298,train
1299,train
1300,train
1301,train
1302,test
1303,train
1304,train
1305,train
1306,test
1307,train
1308,val
1309,val
1310,train
1311,train
1312,test
1313,train
1314,val
1315,train
1316,train
1317,train
1318,train
1319,train
1320,train
1321,train
1322,train
1323,train
1324,test
1325,train
1326,train
1327,train
1328,val
1329,train
1330,train
1331,train
1332,train
1333,train
1334,train
1335,train
1336,train
1337,train
1338,train
1339,train
1340,train
1341,train
1342,train
1343,train
1344,val
1345,train
1346,train
1347,train
1348,train
1349,train
1350,val
1351,train
1352,train
1353,train
1354,train
1355,train
1356,train
1357,test
1358,train
1359,val
1360,val
1361,train
1362,train
1363,train
1364,val
1365,test
1366,test
1367,val
1368,val
1369,val
1370,val
1371,train
1372,train
1373,train
1374,train
1375,train
1376,train
1377,val
1378,val
1379,train
1380,train
1381,val
1382,train
1383,train
1384,train
1385,train
1386,train
1387,train
1388,train
1389,train
1390,train
1391,train
1392,train
1393,train
1394,train
1395,train
1396,test
1397,train
1398,train
1399,train
1400,train
1401,train
1402,train
1403,train
1404,test
1405,train
1406,train
1407,train
1408,train
1409,train
1410,train
1411,train
1412,train
1413,train
1414,train
1415,train
1416,test
1417,train
1418,val
1419,train
1420,train
1421,train
1422,train
1423,val
1424,train
1425,train
1426,train
1427,train
1428,train
1429,train
1430,train
1431,train
1432,train
1433,train
1434,train
1435,train
1436,train
1437,train
1438,train
1439,train
1440,train
1441,train
1442,train
1443,train
1444,train
1445,train
1446,test
1447,train
1448,train
1449,train
1450,val
1451,test
1452,train
1453,train
1454,train
1455,train
1456,train
1457,train
1458,train
1459,train
1460,train
1461,train
1462,train
1463,train
1464,train
1465,test
1466,train
1467,val
1468,train
1469,train
1470,train
1471,train
1472,train
1473,train
1474,train
1475,train
1476,train
1477,train
1478,test
1479,val
1480,val
1481,train
1482,train
1483,train
1484,train
1485,test
1486,train
1487,test
1488,train
1489,train
1490,val
1491,train
1492,test
1493,train
1494,train
1495,train
1496,train
1497,train
1498,train
1499,train
1500,train
1501,train
1502,train
1503,test
1504,test
1505,val
1506,val
1507,train
1508,train
1509,train
1510,train
1511,train
1512,train
1513,train
1514,train
1515,train
1516,test
1517,train
1518,train
1519,train
1520,train
1521,train
1522,val
1523,train
1524,test
1525,train
1526,train
1527,train
1528,train
1529,train
1530,train
1531,train
1532,train
1533,train
1534,train
1535,train
1536,train
1537,train
1538,train
1539,train
1540,test
1541,train
1542,train
1543,train
1544,train
1545,train
1546,train
1547,val
1548,train
1549,train
1550,train
1551,val
1552,val
1553,train
1554,train
1555,train
1556,train
1557,train
1558,train
1559,train
1560,train
1561,train
1562,test
1563,train
1564,train
1565,train
1566,train
1567,train
1568,train
1569,train
1570,train
1571,train
1572,train
1573,val
1574,train
1575,train
1576,train
1577,train
1578,val
1579,train
1580,train
1581,train
1582,test
1583,train
1584,train
1585,train
1586,train
1587,train
1588,val
1589,train
1590,train
1591,train
1592,train
1593,val
1594,val
1595,train
1596,train
1597,test
1598,train
1599,train
